Test Cases Name,Test Cases ,Requirements,Core Business Functions,Allied Atomic Functions,Enabling Operations,Technical Functions,Encapsulated Functions,Verdict
test case addition failed in tester's log test suite,T1,R10,10,0,0,0,0,1
add bugs in tester's log test suite,T2,R10,10,0,0,0,0,1
add personal projects in tester's portfolio,T3,R9,10,0,0,0,0,1
add requirement button on client project initiation page,T4,R6,10,0,0,0,0,1
add skills in tester's portfolio,T5,R9,10,0,0,0,0,0
add testing experience in tester's portfolio,T6,R9,10,0,0,0,0,1
admin can delete clients,T7,R12,0,0,0,0,2,1
admin can delete testers,T8,R12,0,0,0,0,2,1
admin dashboard progress button,T9,R14,0,0,0,6,0,1
admin download project artifacts from project details,T10,R5,0,0,0,6,0,0
admin failed profile updation,T11,R13,0,0,0,0,1,1
admin sign in failed upon invalid credentials,T12,R2,0,7,0,0,0,1
admin signout,T13,R3,0,8,0,0,0,1
admin successful profile updation,T14,R13,0,0,0,0,2,1
back button of client sign in page,T15,R14,0,0,0,5,0,1
back button of tester sign in page,T16,R14,0,0,0,5,0,1
back to main page button of admin sign in,T17,R14,0,0,0,5,0,1
back to main page button on client registration page,T18,R14,0,0,0,5,0,1
back to main page button on tester registration page,T19,R14,0,0,0,5,0,1
buy button functionality,T20,R14,0,0,0,5,0,1
checking client and admin contact without selecting appropriate file,T21,R6,10,0,0,0,0,0
clickable projects on admin dashboard to check their description,T22,R5,0,0,0,6,0,1
clickable projects on client dashboard to check their description,T23,R5,0,0,0,6,0,1
clickable projects on tester's dashboard to check their description,T24,R5,0,0,0,6,0,1
client can delete action from test suite,T25,R11,0,0,4,0,0,0
client can delete bug actions,T26,R11,0,0,4,0,0,1
client can download proof for test case status,T27,R11,0,0,4,0,0,0
client dashboard progress button,T28,R14,0,0,0,6,0,1
client download project artifacts from project details,T29,R5,0,0,0,5,0,0
client failed login upon invalid credentials,T30,R2,0,7,0,0,0,1
client failed project initiation,T31,R8,0,0,0,6,0,1
client failed registration upon invalid credentials,T32,R1,9,0,0,0,0,1
client profile updation failed due to invalid credentials,T33,R13,0,0,0,0,2,1
client profile updation with valid credentials,T34,R13,0,0,0,0,2,1
client successful contact to admin by filling all necessary fields,T35,R6,10,0,0,0,0,0
client successful login upon valid credentials,T36,R2,0,7,0,0,0,1
client successful project initiation,T37,R8,0,0,0,6,0,1
client successful registration upon valid credentials,T38,R1,9,0,0,0,0,1
client successful signout,T39,R3,0,8,0,0,0,0
contact us button,T40,R14,0,0,0,5,0,1
create an account button of client login page,T41,R14,0,0,0,5,0,1
create an account button of tester login page,T42,R14,0,0,0,5,0,1
download proof from tester's test case traceability,T43,R11,0,0,4,0,0,0
file uploading on client project initiation page,T44,R6,10,0,0,0,0,1
get started button,T45,R14,0,0,0,5,0,1
login button on client registration page,T46,R14,0,0,0,5,0,1
login button on tester registration page,T47,R14,0,0,0,5,0,1
navigate to about ,T48,R16,0,7,0,0,0,1
navigate to admin dashboard,T49,R16,0,8,0,0,0,1
navigate to admin manage artifacts,T50,R16,0,8,0,0,0,1
navigate to admin profile,T51,R16,0,8,0,0,0,1
navigate to admin progress report,T52,R16,0,8,0,0,0,1
navigate to admin project request,T53,R16,0,8,0,0,0,1
navigate to admin sign in,T54,R16,0,7,0,0,0,0
navigate to admin's manage users page,T55,R16,0,8,0,0,0,1
navigate to client contact admin page,T56,R16,0,8,0,0,0,1
navigate to client dashboard after successful login,T57,R16,0,8,0,0,0,1
navigate to client profile page,T58,R16,0,8,0,0,0,1
navigate to client progress report page,T59,R16,0,8,0,0,0,1
navigate to client project initiation page,T60,R16,0,8,0,0,0,1
navigate to client registration,T61,R16,0,7,0,0,0,0
navigate to client sign in,T62,R16,0,7,0,0,0,0
navigate to sevices page,T63,R16,0,7,0,0,0,1
navigate to tester registration,T64,R16,0,7,0,0,0,0
navigate to tester sign in,T65,R16,0,7,0,0,0,0
navigate to tester's available projects,T66,R16,0,8,0,0,0,1
navigate to tester's log test suite,T67,R16,0,8,0,0,0,1
navigate to tester's portfolio,T68,R16,0,8,0,0,0,1
navigate to tester's profile,T69,R16,0,8,0,0,0,1
navigate to tester's test case tracebility,T70,R16,0,8,0,0,0,1
navigate to testers dashboard,T71,R16,0,8,0,0,0,1
selecting project from drop down menu from tester's log test suite,T72,R11,0,0,4,0,0,1
selecting project from drop down menu of client side progress report,T73,R5,0,0,0,6,0,1
selecting project requirement from drop down menu in tester's log test suite,T74,R10,0,0,0,6,0,1
selecting project requirement from drop down menu in tester's test case traceability,T75,R11,0,0,4,0,0,1
selecting project requirement from drop down menu of client side progress report,T76,R5,0,0,0,6,0,1
successful test case addition in tester's log test suite by fulfilling all requirements,T77,R10,10,0,0,0,0,1
tester can delete action from test case traceability,T78,R11,0,0,4,0,0,1
tester can delete bugs,T79,R11,0,0,4,0,0,1
tester can download submitted report,T80,R11,0,0,4,0,0,1
tester download project artifacts from project details,T81,R5,0,0,0,6,0,0
tester failed login upon invalid credentials,T82,R2,0,7,0,0,0,1
tester registration failed upon invalid credentials,T83,R1,9,0,0,0,0,1
tester registration success upon valid credentials,T84,R1,9,0,0,0,0,1
tester signout,T85,R3,0,8,0,0,0,1
tester successful login upon valid credentials,T86,R2,0,7,0,0,0,1
tester's dashboard progress button,T87,R14,0,0,0,6,0,0
tester's profile updation,T88,R13,0,0,0,0,2,1
update uploaded resume,T89,R13,0,0,0,0,2,1
upload resume button in tester's portfolio,T90,R9,10,0,0,0,0,0
write delivery and description in tester's portfolio,T91,R9,10,0,0,0,0,1
